<?xml version="1.0"?>
  <rentals>
    <description>
     <name>The Bayfront</name>
     <type>condo</type>
     <view>oceanfront</view>
     <space>1200 square feet</space>
     <location>Wrightsville Beach</location>
     <price>1000 per week</price>
     <bed_bath>3 bedrooms, 2 bathrooms</bed_bath>
    </description>
    <description>
      <name>Paradise</name>
      <type>house</type>
      <view>oceanfront</view>
      <space>1000 square feet</space>
      <location>Wrightsville Beach</location>
      <price>900 per week</price>
      <bed_bath>2 bedrooms, 2 bathrooms</bed_bath>
     </description>
   </rentals>
