
   <section id='helloworld.requirements'>
    &reftitle.required;
    &no.requirement;

   </section>


   <section id='helloworld.install'>
    &reftitle.install;
    &no.install;

   </section>


   <section id='helloworld.configuration'>
    &reftitle.runtime;
    <table>
     <title>helloworld runtime configuration</title>
      <tgroup cols='3'>
       <thead>
        <row>
         <entry>directive</entry>
         <entry>default value</entry>
         <entry>descrpition</entry>
        </row>
       </thead>
      <tbody>
    <row>
     <entry>greeting</entry>
     <entry>hello</entry>
     <entry></entry>
    </row>
     </tbody>
    </tgroup>
   </table>

   </section>


<!-- Keep this comment at the end of the file
Local variables:
mode: sgml
sgml-omittag:t
sgml-shorttag:t
sgml-minimize-attributes:nil
sgml-always-quote-attributes:t
sgml-indent-step:1
sgml-indent-data:t
indent-tabs-mode:nil
sgml-parent-document:nil
sgml-default-dtd-file:"../../../manual.ced"
sgml-exposed-tags:nil
sgml-local-catalogs:nil
sgml-local-ecat-files:nil
End:
vim600: syn=xml fen fdm=syntax fdl=2 si
vim: et tw=78 syn=sgml
vi: ts=1 sw=1
-->
